index,title,artist,album,album_artist,genre,track_number,year,duration_seconds,duration_ms,bitrate_kbps,sample_rate_hz,file_size_bytes,format_kind,play_count,rating,file_path,is_video,date_added,file_size_mb,is_local_file,file_extension,unique_id,has_file_path,file_accessible
100,I Was In Love With A Difficult Man,Christine Lavin,I Was In Love With A Difficult Man,,Country & Folk,1,2002,187,187840,908,44100,21363399,Apple Lossless audio file,0,0,/Users/seant/Music/Music/Media.localized/Music/Christine Lavin/I Was In Love With A Difficult Man/01 I Was In Love With A Difficult Man.m4a,False,2025-09-28T15:49:15,20.37,True,m4a,Christine Lavin_I Was In Love With A Difficult Man_I Was In Love With A Difficult Man_1,True,True
101,Jack & Wanda,Christine Lavin,I Was In Love With A Difficult Man,,Country & Folk,2,2002,279,279040,763,44100,26665972,Apple Lossless audio file,0,0,/Users/seant/Music/Music/Media.localized/Music/Christine Lavin/I Was In Love With A Difficult Man/02 Jack & Wanda.m4a,False,2025-09-28T15:49:33,25.43,True,m4a,Christine Lavin_I Was In Love With A Difficult Man_Jack & Wanda_2,True,True
102,Strangers Talk To Me,Christine Lavin,I Was In Love With A Difficult Man,,Country & Folk,3,2002,158,158573,822,44100,16324891,Apple Lossless audio file,0,0,/Users/seant/Music/Music/Media.localized/Music/Christine Lavin/I Was In Love With A Difficult Man/03 Strangers Talk To Me.m4a,False,2025-09-28T15:49:57,15.57,True,m4a,Christine Lavin_I Was In Love With A Difficult Man_Strangers Talk To Me_3,True,True
103,Sunday Breakfast With Christine (and Ervin),Christine Lavin,I Was In Love With A Difficult Man,,Country & Folk,4,2002,191,191680,758,44100,18189889,Apple Lossless audio file,0,0,/Users/seant/Music/Music/Media.localized/Music/Christine Lavin/I Was In Love With A Difficult Man/04 Sunday Breakfast With Christine (and Ervin).m4a,False,2025-09-28T15:50:09,17.35,True,m4a,Christine Lavin_I Was In Love With A Difficult Man_Sunday Breakfast With Christine (and Ervin)_4,True,True
104,Making Friends With My Grey Hair,Christine Lavin,I Was In Love With A Difficult Man,,Country & Folk,5,2002,235,235386,781,44100,23020731,Apple Lossless audio file,0,0,/Users/seant/Music/Music/Media.localized/Music/Christine Lavin/I Was In Love With A Difficult Man/05 Making Friends With My Grey Hair.m4a,False,2025-09-28T15:50:24,21.95,True,m4a,Christine Lavin_I Was In Love With A Difficult Man_Making Friends With My Grey Hair_5,True,True
105,Trade Up,Christine Lavin,I Was In Love With A Difficult Man,,Country & Folk,6,2002,207,207280,840,44100,21796199,Apple Lossless audio file,0,0,/Users/seant/Music/Music/Media.localized/Music/Christine Lavin/I Was In Love With A Difficult Man/06 Trade Up.m4a,False,2025-09-28T15:50:41,20.79,True,m4a,Christine Lavin_I Was In Love With A Difficult Man_Trade Up_6,True,True
106,Wind Chimes,Christine Lavin,I Was In Love With A Difficult Man,,Country & Folk,7,2002,253,253733,892,44100,28338891,Apple Lossless audio file,0,0,/Users/seant/Music/Music/Media.localized/Music/Christine Lavin/I Was In Love With A Difficult Man/07 Wind Chimes.m4a,False,2025-09-28T15:50:55,27.03,True,m4a,Christine Lavin_I Was In Love With A Difficult Man_Wind Chimes_7,True,True
107,All You Want Is What I Want,Christine Lavin,I Was In Love With A Difficult Man,,Country & Folk,8,2002,168,168706,881,44100,18606351,Apple Lossless audio file,0,0,/Users/seant/Music/Music/Media.localized/Music/Christine Lavin/I Was In Love With A Difficult Man/08 All You Want Is What I Want.m4a,False,2025-09-28T15:51:11,17.74,True,m4a,Christine Lavin_I Was In Love With A Difficult Man_All You Want Is What I Want_8,True,True
108,Three-Storied Life,Christine Lavin,I Was In Love With A Difficult Man,,Country & Folk,9,2002,199,199360,841,44100,20994112,Apple Lossless audio file,0,0,/Users/seant/Music/Music/Media.localized/Music/Christine Lavin/I Was In Love With A Difficult Man/09 Three-Storied Life.m4a,False,2025-09-28T15:51:22,20.02,True,m4a,Christine Lavin_I Was In Love With A Difficult Man_Three-Storied Life_9,True,True
109,Firehouse,Christine Lavin,I Was In Love With A Difficult Man,,Country & Folk,10,2002,346,346773,761,44100,33020447,Apple Lossless audio file,0,0,/Users/seant/Music/Music/Media.localized/Music/Christine Lavin/I Was In Love With A Difficult Man/10 Firehouse.m4a,False,2025-09-28T15:51:34,31.49,True,m4a,Christine Lavin_I Was In Love With A Difficult Man_Firehouse_10,True,True
110,For Carolyn/Something Beautiful,Christine Lavin,I Was In Love With A Difficult Man,,Country & Folk,11,2002,270,270000,754,44100,25496716,Apple Lossless audio file,0,0,/Users/seant/Music/Music/Media.localized/Music/Christine Lavin/I Was In Love With A Difficult Man/11 For Carolyn_Something Beautiful.m4a,False,2025-09-28T15:51:54,24.32,True,m4a,Christine Lavin_I Was In Love With A Difficult Man_For Carolyn/Something Beautiful_11,True,True
111,Looked Good On Paper,Christine Lavin,I Was In Love With A Difficult Man,,Country & Folk,12,2002,0,0,0,44100,24576,Apple Lossless audio file,0,0,/Users/seant/Music/Music/Media.localized/Music/Christine Lavin/I Was In Love With A Difficult Man/12 Looked Good On Paper.m4a,False,2025-09-28T15:52:30,0.02,True,m4a,Christine Lavin_I Was In Love With A Difficult Man_Looked Good On Paper_12,True,True
13,Candyman [Remastered],Muireann Bradley,I Kept These Old Blues [Remastered],,Blues,1,2025,228,228253,795,44100,22715960,Apple Lossless audio file,0,0,/Users/seant/Music/Music/Media.localized/Music/Muireann Bradley/I Kept These Old Blues [Remastered]/01 Candyman [Remastered].m4a,False,2025-09-26T14:42:12,21.66,True,m4a,Muireann Bradley_I Kept These Old Blues [Remastered]_Candyman [Remastered]_1,True,True
14,Richland Woman Blues [Remastered],Muireann Bradley,I Kept These Old Blues [Remastered],,Blues,2,2025,266,266600,779,44100,26003311,Apple Lossless audio file,0,0,/Users/seant/Music/Music/Media.localized/Music/Muireann Bradley/I Kept These Old Blues [Remastered]/02 Richland Woman Blues [Remastered].m4a,False,2025-09-26T14:45:44,24.8,True,m4a,Muireann Bradley_I Kept These Old Blues [Remastered]_Richland Woman Blues [Remastered]_2,True,True
15,Police Dog Blues [Remastered],Muireann Bradley,I Kept These Old Blues [Remastered],,Blues,3,2025,194,194333,763,44100,18565960,Apple Lossless audio file,0,0,/Users/seant/Music/Music/Media.localized/Music/Muireann Bradley/I Kept These Old Blues [Remastered]/03 Police Dog Blues [Remastered].m4a,False,2025-09-26T14:47:34,17.71,True,m4a,Muireann Bradley_I Kept These Old Blues [Remastered]_Police Dog Blues [Remastered]_3,True,True
16,Shake Sugaree [Remastered],Muireann Bradley,I Kept These Old Blues [Remastered],,Blues,4,2025,348,348693,773,44100,33765825,Apple Lossless audio file,0,0,/Users/seant/Music/Music/Media.localized/Music/Muireann Bradley/I Kept These Old Blues [Remastered]/04 Shake Sugaree [Remastered].m4a,False,2025-09-26T14:48:24,32.2,True,m4a,Muireann Bradley_I Kept These Old Blues [Remastered]_Shake Sugaree [Remastered]_4,True,True
17,Vestapol [Remastered],Muireann Bradley,I Kept These Old Blues [Remastered],,Blues,5,2025,312,312773,824,44100,32269501,Apple Lossless audio file,0,0,/Users/seant/Music/Music/Media.localized/Music/Muireann Bradley/I Kept These Old Blues [Remastered]/05 Vestapol [Remastered].m4a,False,2025-09-26T14:49:46,30.77,True,m4a,Muireann Bradley_I Kept These Old Blues [Remastered]_Vestapol [Remastered]_5,True,True
18,Stag O Lee [Remastered],Muireann Bradley,I Kept These Old Blues [Remastered],,Blues,6,2025,172,172266,811,44100,17494648,Apple Lossless audio file,0,0,/Users/seant/Music/Music/Media.localized/Music/Muireann Bradley/I Kept These Old Blues [Remastered]/06 Stag O Lee [Remastered].m4a,False,2025-09-26T14:50:20,16.68,True,m4a,Muireann Bradley_I Kept These Old Blues [Remastered]_Stag O Lee [Remastered]_6,True,True
19,Green Rocky Road [Remastered],Muireann Bradley,I Kept These Old Blues [Remastered],,Blues,7,2025,233,233600,790,44100,23121795,Apple Lossless audio file,0,0,/Users/seant/Music/Music/Media.localized/Music/Muireann Bradley/I Kept These Old Blues [Remastered]/07 Green Rocky Road [Remastered].m4a,False,2025-09-26T14:50:42,22.05,True,m4a,Muireann Bradley_I Kept These Old Blues [Remastered]_Green Rocky Road [Remastered]_7,True,True
20,Frankie [Remastered],Muireann Bradley,I Kept These Old Blues [Remastered],,Blues,8,2025,240,240906,792,44100,23892754,Apple Lossless audio file,0,0,/Users/seant/Music/Music/Media.localized/Music/Muireann Bradley/I Kept These Old Blues [Remastered]/08 Frankie [Remastered].m4a,False,2025-09-26T14:51:06,22.79,True,m4a,Muireann Bradley_I Kept These Old Blues [Remastered]_Frankie [Remastered]_8,True,True
21,Police Sergeant Blues [Remastered],Muireann Bradley,I Kept These Old Blues [Remastered],,Blues,9,2025,192,192960,776,44100,18752274,Apple Lossless audio file,0,0,/Users/seant/Music/Music/Media.localized/Music/Muireann Bradley/I Kept These Old Blues [Remastered]/09 Police Sergeant Blues [Remastered].m4a,False,2025-09-26T14:51:28,17.88,True,m4a,Muireann Bradley_I Kept These Old Blues [Remastered]_Police Sergeant Blues [Remastered]_9,True,True
22,Buck Dancer's Choice [Remastered],Muireann Bradley,I Kept These Old Blues [Remastered],,Blues,10,2025,220,220800,818,44100,22624074,Apple Lossless audio file,0,0,/Users/seant/Music/Music/Media.localized/Music/Muireann Bradley/I Kept These Old Blues [Remastered]/10 Buck Dancer's Choice [Remastered].m4a,False,2025-09-26T14:51:45,21.58,True,m4a,Muireann Bradley_I Kept These Old Blues [Remastered]_Buck Dancer's Choice [Remastered]_10,True,True
23,Delia [Remastered],Muireann Bradley,I Kept These Old Blues [Remastered],,Blues,11,2025,201,201506,722,44100,18211978,Apple Lossless audio file,0,0,/Users/seant/Music/Music/Media.localized/Music/Muireann Bradley/I Kept These Old Blues [Remastered]/11 Delia [Remastered].m4a,False,2025-09-26T14:52:05,17.37,True,m4a,Muireann Bradley_I Kept These Old Blues [Remastered]_Delia [Remastered]_11,True,True
24,Freight Train [Remastered],Muireann Bradley,I Kept These Old Blues [Remastered],,Blues,12,2025,211,211306,750,44100,19860504,Apple Lossless audio file,0,0,/Users/seant/Music/Music/Media.localized/Music/Muireann Bradley/I Kept These Old Blues [Remastered]/12 Freight Train [Remastered].m4a,False,2025-09-26T14:52:35,18.94,True,m4a,Muireann Bradley_I Kept These Old Blues [Remastered]_Freight Train [Remastered]_12,True,True
25,When The Levee Breaks,Muireann Bradley,I Kept These Old Blues [Remastered],,Blues,13,2025,235,235226,805,44100,23716900,Apple Lossless audio file,0,0,/Users/seant/Music/Music/Media.localized/Music/Muireann Bradley/I Kept These Old Blues [Remastered]/13 When The Levee Breaks.m4a,False,2025-09-26T14:52:56,22.62,True,m4a,Muireann Bradley_I Kept These Old Blues [Remastered]_When The Levee Breaks_13,True,True
80,Woody: I Conquer The World With Words,Skylark Vocal Ensemble,It's A Long Way,,Classical,1,2021,222,222626,686,44100,19127569,Apple Lossless audio file,0,0,/Users/seant/Music/Music/Media.localized/Music/Skylark Vocal Ensemble/It's A Long Way/01 Woody_ I Conquer The World With Words.m4a,False,2025-09-28T14:07:05,18.24,True,m4a,Skylark Vocal Ensemble_It's A Long Way_Woody: I Conquer The World With Words_1,True,True
81,Josquin: Qui Habitat A24,Skylark Vocal Ensemble,It's A Long Way,,Classical,2,2021,317,317146,722,44100,28683737,Apple Lossless audio file,0,0,/Users/seant/Music/Music/Media.localized/Music/Skylark Vocal Ensemble/It's A Long Way/02 Josquin_ Qui Habitat A24.m4a,False,2025-09-28T14:07:30,27.35,True,m4a,Skylark Vocal Ensemble_It's A Long Way_Josquin: Qui Habitat A24_2,True,True
82,Trad: A Game Of Cards,Skylark Vocal Ensemble,It's A Long Way,,Classical,3,2021,129,129933,655,44100,10665398,Apple Lossless audio file,0,0,/Users/seant/Music/Music/Media.localized/Music/Skylark Vocal Ensemble/It's A Long Way/03 Trad_ A Game Of Cards.m4a,False,2025-09-28T14:08:00,10.17,True,m4a,Skylark Vocal Ensemble_It's A Long Way_Trad: A Game Of Cards_3,True,True
83,Part: Nunc Dimittis - 1. Nunc Dimittis,Skylark Vocal Ensemble,It's A Long Way,,Classical,4,2021,106,106026,555,44100,7373162,Apple Lossless audio file,0,0,/Users/seant/Music/Music/Media.localized/Music/Skylark Vocal Ensemble/It's A Long Way/04 Part_ Nunc Dimittis - 1. Nunc Dimittis.m4a,False,2025-09-28T14:08:11,7.03,True,m4a,Skylark Vocal Ensemble_It's A Long Way_Part: Nunc Dimittis - 1. Nunc Dimittis_4,True,True
84,Tallis: E Lucis Ante Terminum,Skylark Vocal Ensemble,It's A Long Way,,Classical,5,2021,115,115720,648,44100,9399524,Apple Lossless audio file,0,0,/Users/seant/Music/Music/Media.localized/Music/Skylark Vocal Ensemble/It's A Long Way/05 Tallis_ E Lucis Ante Terminum.m4a,False,2025-09-28T14:08:19,8.96,True,m4a,Skylark Vocal Ensemble_It's A Long Way_Tallis: E Lucis Ante Terminum_5,True,True
85,Barber: Sure On This Shining Night,Skylark Vocal Ensemble,It's A Long Way,,Classical,6,2021,124,124933,519,44100,8135866,Apple Lossless audio file,0,0,/Users/seant/Music/Music/Media.localized/Music/Skylark Vocal Ensemble/It's A Long Way/06 Barber_ Sure On This Shining Night.m4a,False,2025-09-28T14:08:31,7.76,True,m4a,Skylark Vocal Ensemble_It's A Long Way_Barber: Sure On This Shining Night_6,True,True
86,Lusitano: Heu Me Domine,Skylark Vocal Ensemble,It's A Long Way,,Classical,7,2021,190,190093,684,44100,16292193,Apple Lossless audio file,0,0,/Users/seant/Music/Music/Media.localized/Music/Skylark Vocal Ensemble/It's A Long Way/07 Lusitano_ Heu Me Domine.m4a,False,2025-09-28T14:08:43,15.54,True,m4a,Skylark Vocal Ensemble_It's A Long Way_Lusitano: Heu Me Domine_7,True,True
87,Reger: Nachtlied,Skylark Vocal Ensemble,It's A Long Way,,Classical,8,2021,162,162933,656,44100,13387037,Apple Lossless audio file,0,0,/Users/seant/Music/Music/Media.localized/Music/Skylark Vocal Ensemble/It's A Long Way/08 Reger_ Nachtlied.m4a,False,2025-09-28T14:09:37,12.77,True,m4a,Skylark Vocal Ensemble_It's A Long Way_Reger: Nachtlied_8,True,True
88,Schubert: Der Doppelganger,Skylark Vocal Ensemble,It's A Long Way,,Classical,9,2021,251,251253,511,44100,16090192,Apple Lossless audio file,0,0,/Users/seant/Music/Music/Media.localized/Music/Skylark Vocal Ensemble/It's A Long Way/09 Schubert_ Der Doppelganger.m4a,False,2025-09-28T14:10:54,15.34,True,m4a,Skylark Vocal Ensemble_It's A Long Way_Schubert: Der Doppelganger_9,True,True
89,Brown: Feathers,Skylark Vocal Ensemble,It's A Long Way,,Classical,10,2021,325,325160,633,44100,25765612,Apple Lossless audio file,0,0,/Users/seant/Music/Music/Media.localized/Music/Skylark Vocal Ensemble/It's A Long Way/10 Brown_ Feathers.m4a,False,2025-09-28T14:12:22,24.57,True,m4a,Skylark Vocal Ensemble_It's A Long Way_Brown: Feathers_10,True,True
90,Trad: Wayfaring Stranger,Skylark Vocal Ensemble,It's A Long Way,,Classical,11,2021,185,185666,547,44100,12722062,Apple Lossless audio file,0,0,/Users/seant/Music/Music/Media.localized/Music/Skylark Vocal Ensemble/It's A Long Way/11 Trad_ Wayfaring Stranger.m4a,False,2025-09-28T14:14:00,12.13,True,m4a,Skylark Vocal Ensemble_It's A Long Way_Trad: Wayfaring Stranger_11,True,True
91,Mery: L'automne,Skylark Vocal Ensemble,It's A Long Way,,Classical,12,2021,277,277413,581,44100,20192180,Apple Lossless audio file,0,0,/Users/seant/Music/Music/Media.localized/Music/Skylark Vocal Ensemble/It's A Long Way/12 Mery_ L'automne.m4a,False,2025-09-28T14:15:04,19.26,True,m4a,Skylark Vocal Ensemble_It's A Long Way_Mery: L'automne_12,True,True
92,Part: Nunc Dimittis - 2. Quia Viderunt Oculi Mei,Skylark Vocal Ensemble,It's A Long Way,,Classical,13,2021,186,186853,632,44100,14801355,Apple Lossless audio file,0,0,/Users/seant/Music/Music/Media.localized/Music/Skylark Vocal Ensemble/It's A Long Way/13 Part_ Nunc Dimittis - 2. Quia Viderunt Oculi Mei.m4a,False,2025-09-28T14:16:34,14.12,True,m4a,Skylark Vocal Ensemble_It's A Long Way_Part: Nunc Dimittis - 2. Quia Viderunt Oculi Mei_13,True,True
93,Whiteacre: Goodnight Moon,Skylark Vocal Ensemble,It's A Long Way,,Classical,14,2021,298,298146,491,44100,18347298,Apple Lossless audio file,0,0,/Users/seant/Music/Music/Media.localized/Music/Skylark Vocal Ensemble/It's A Long Way/14 Whiteacre_ Goodnight Moon.m4a,False,2025-09-28T14:17:37,17.5,True,m4a,Skylark Vocal Ensemble_It's A Long Way_Whiteacre: Goodnight Moon_14,True,True
94,Daley: In Remembrance,Skylark Vocal Ensemble,It's A Long Way,,Classical,15,2021,139,139013,657,44100,11448262,Apple Lossless audio file,0,0,/Users/seant/Music/Music/Media.localized/Music/Skylark Vocal Ensemble/It's A Long Way/15 Daley_ In Remembrance.m4a,False,2025-09-28T14:19:01,10.92,True,m4a,Skylark Vocal Ensemble_It's A Long Way_Daley: In Remembrance_15,True,True
95,The Parting Glass (Arr. The Wailin' Jennys),Skylark Vocal Ensemble,It's A Long Way,,Classical,16,2021,210,210426,630,44100,16609431,Apple Lossless audio file,0,0,/Users/seant/Music/Music/Media.localized/Music/Skylark Vocal Ensemble/It's A Long Way/16 The Parting Glass (Arr. The Wailin' Jennys).m4a,False,2025-09-28T14:21:03,15.84,True,m4a,Skylark Vocal Ensemble_It's A Long Way_The Parting Glass (Arr. The Wailin' Jennys)_16,True,True
96,Part: Nunc Dimittis - 3. Gloria,Skylark Vocal Ensemble,It's A Long Way,,Classical,17,2021,82,82840,630,44100,6536140,Apple Lossless audio file,0,0,/Users/seant/Music/Music/Media.localized/Music/Skylark Vocal Ensemble/It's A Long Way/17 Part_ Nunc Dimittis - 3. Gloria.m4a,False,2025-09-28T14:22:00,6.23,True,m4a,Skylark Vocal Ensemble_It's A Long Way_Part: Nunc Dimittis - 3. Gloria_17,True,True
97,Trad: It's A Long Way,Skylark Vocal Ensemble,It's A Long Way,,Classical,18,2021,151,151026,659,44100,12461688,Apple Lossless audio file,0,0,/Users/seant/Music/Music/Media.localized/Music/Skylark Vocal Ensemble/It's A Long Way/18 Trad_ It's A Long Way.m4a,False,2025-09-28T14:22:17,11.88,True,m4a,Skylark Vocal Ensemble_It's A Long Way_Trad: It's A Long Way_18,True,True
98,Cohen: Nature Boy,Skylark Vocal Ensemble,It's A Long Way,,Classical,19,2021,155,155306,557,44100,10839288,Apple Lossless audio file,0,0,/Users/seant/Music/Music/Media.localized/Music/Skylark Vocal Ensemble/It's A Long Way/19 Cohen_ Nature Boy.m4a,False,2025-09-28T14:22:59,10.34,True,m4a,Skylark Vocal Ensemble_It's A Long Way_Cohen: Nature Boy_19,True,True
99,Curenton: My Soul Hath Found Refuge In Thee,Skylark Vocal Ensemble,It's A Long Way,,Classical,20,2021,352,352186,671,44100,29601298,Apple Lossless audio file,0,0,/Users/seant/Music/Music/Media.localized/Music/Skylark Vocal Ensemble/It's A Long Way/20 Curenton_ My Soul Hath Found Refuge In Thee.m4a,False,2025-09-28T14:23:42,28.23,True,m4a,Skylark Vocal Ensemble_It's A Long Way_Curenton: My Soul Hath Found Refuge In Thee_20,True,True
60,La Vie En Rose (Arr. Peter Mansfield) [Feat. Joy Schreier & Carrie Cheron],Skylark Vocal Ensemble,La Vie En Rose,,Classical,1,2023,215,215960,551,44100,14907041,Apple Lossless audio file,0,0,/Users/seant/Music/Music/Media.localized/Music/Skylark Vocal Ensemble/La Vie En Rose/01 La Vie En Rose (Arr. Peter Mansfield) [Feat. Joy Schreier & Carrie Cheron].m4a,False,2025-09-27T12:54:36,14.22,True,m4a,Skylark Vocal Ensemble_La Vie En Rose_La Vie En Rose (Arr. Peter Mansfield) [Feat. Joy Schreier & Carrie Cheron]_1,True,True
61,Serenade D'hiver,Skylark Vocal Ensemble,La Vie En Rose,,Classical,2,2023,316,316906,623,44100,24731615,Apple Lossless audio file,0,0,/Users/seant/Music/Music/Media.localized/Music/Skylark Vocal Ensemble/La Vie En Rose/02 Serenade D'hiver.m4a,False,2025-09-27T12:54:57,23.59,True,m4a,Skylark Vocal Ensemble_La Vie En Rose_Serenade D'hiver_2,True,True
62,Sous Le Ciel De Paris (Arr. Peter Mansfield) [Feat. Joy Schreier & Sarah Moyer],Skylark Vocal Ensemble,La Vie En Rose,,Classical,3,2023,197,197786,598,44100,14810792,Apple Lossless audio file,0,0,/Users/seant/Music/Music/Media.localized/Music/Skylark Vocal Ensemble/La Vie En Rose/03 Sous Le Ciel De Paris (Arr. Peter Mansfield) [Feat. Joy Schreier & Sarah Moyer].m4a,False,2025-09-27T12:55:25,14.12,True,m4a,Skylark Vocal Ensemble_La Vie En Rose_Sous Le Ciel De Paris (Arr. Peter Mansfield) [Feat. Joy Schreier & Sarah Moyer]_3,True,True
63,"Viens, Mon Bien-Aime! (Featuring Joy Schreier & Megan Roth",Skylark Vocal Ensemble,La Vie En Rose,,Classical,4,2023,105,105680,555,44100,7351344,Apple Lossless audio file,0,0,"/Users/seant/Music/Music/Media.localized/Music/Skylark Vocal Ensemble/La Vie En Rose/04 Viens, Mon Bien-Aime! (Featuring Joy Schreier & Megan Roth.m4a",False,2025-09-27T12:55:41,7.01,True,m4a,"Skylark Vocal Ensemble_La Vie En Rose_Viens, Mon Bien-Aime! (Featuring Joy Schreier & Megan Roth_4",True,True
64,Dieu! Quil La Fait Bon Regarder!,Skylark Vocal Ensemble,La Vie En Rose,,Classical,5,2023,129,129453,655,44100,10625659,Apple Lossless audio file,0,0,/Users/seant/Music/Music/Media.localized/Music/Skylark Vocal Ensemble/La Vie En Rose/05 Dieu! Quil La Fait Bon Regarder!.m4a,False,2025-09-27T12:55:49,10.13,True,m4a,Skylark Vocal Ensemble_La Vie En Rose_Dieu! Quil La Fait Bon Regarder!_5,True,True
65,Madrigal (Featuring Joy Schreier),Skylark Vocal Ensemble,La Vie En Rose,,Classical,6,2023,197,197466,670,44100,16570161,Apple Lossless audio file,0,0,/Users/seant/Music/Music/Media.localized/Music/Skylark Vocal Ensemble/La Vie En Rose/06 Madrigal (Featuring Joy Schreier).m4a,False,2025-09-27T12:55:59,15.8,True,m4a,Skylark Vocal Ensemble_La Vie En Rose_Madrigal (Featuring Joy Schreier)_6,True,True
66,Calme Des Nuits,Skylark Vocal Ensemble,La Vie En Rose,,Classical,7,2023,188,188280,613,44100,14471399,Apple Lossless audio file,0,0,/Users/seant/Music/Music/Media.localized/Music/Skylark Vocal Ensemble/La Vie En Rose/07 Calme Des Nuits.m4a,False,2025-09-27T12:56:13,13.8,True,m4a,Skylark Vocal Ensemble_La Vie En Rose_Calme Des Nuits_7,True,True
67,Le Secret (Featuring Joy Schreier & Alissa Ruth Suver),Skylark Vocal Ensemble,La Vie En Rose,,Classical,8,2023,144,144586,484,44100,8778124,Apple Lossless audio file,0,0,/Users/seant/Music/Music/Media.localized/Music/Skylark Vocal Ensemble/La Vie En Rose/08 Le Secret (Featuring Joy Schreier & Alissa Ruth Suver).m4a,False,2025-09-27T12:56:26,8.37,True,m4a,Skylark Vocal Ensemble_La Vie En Rose_Le Secret (Featuring Joy Schreier & Alissa Ruth Suver)_8,True,True
68,Car Je T'aime (Arr. Peter Mansfield) [Feat. Joy Schreier & Nathan Hodgson],Skylark Vocal Ensemble,La Vie En Rose,,Classical,9,2023,130,130360,559,44100,9134708,Apple Lossless audio file,0,0,/Users/seant/Music/Music/Media.localized/Music/Skylark Vocal Ensemble/La Vie En Rose/09 Car Je T'aime (Arr. Peter Mansfield) [Feat. Joy Schreier & Nathan Hodgson].m4a,False,2025-09-27T12:56:35,8.71,True,m4a,Skylark Vocal Ensemble_La Vie En Rose_Car Je T'aime (Arr. Peter Mansfield) [Feat. Joy Schreier & Nathan Hodgson]_9,True,True
69,La Mer (Arr. Peter Mansfield) [Feat. Joy Schreier & Clare Mcnamara],Skylark Vocal Ensemble,La Vie En Rose,,Classical,10,2023,185,185173,607,44100,14088989,Apple Lossless audio file,0,0,/Users/seant/Music/Music/Media.localized/Music/Skylark Vocal Ensemble/La Vie En Rose/10 La Mer (Arr. Peter Mansfield) [Feat. Joy Schreier & Clare Mcnamara].m4a,False,2025-09-27T12:56:44,13.44,True,m4a,Skylark Vocal Ensemble_La Vie En Rose_La Mer (Arr. Peter Mansfield) [Feat. Joy Schreier & Clare Mcnamara]_10,True,True
70,Rabbit At Top Speed (Featuring Joy Schreier & Erik Gustafson),Skylark Vocal Ensemble,La Vie En Rose,,Classical,11,2023,70,70626,595,44100,5273440,Apple Lossless audio file,0,0,/Users/seant/Music/Music/Media.localized/Music/Skylark Vocal Ensemble/La Vie En Rose/11 Rabbit At Top Speed (Featuring Joy Schreier & Erik Gustafson).m4a,False,2025-09-27T12:56:55,5.03,True,m4a,Skylark Vocal Ensemble_La Vie En Rose_Rabbit At Top Speed (Featuring Joy Schreier & Erik Gustafson)_11,True,True
71,Le Ruisseau (Featuring Joy Schreier & Janet Stone),Skylark Vocal Ensemble,La Vie En Rose,,Classical,12,2023,192,192840,623,44100,15040815,Apple Lossless audio file,0,0,/Users/seant/Music/Music/Media.localized/Music/Skylark Vocal Ensemble/La Vie En Rose/12 Le Ruisseau (Featuring Joy Schreier & Janet Stone).m4a,False,2025-09-27T12:56:59,14.34,True,m4a,Skylark Vocal Ensemble_La Vie En Rose_Le Ruisseau (Featuring Joy Schreier & Janet Stone)_12,True,True
72,Je T'aime (Featuring Joy Schreier & Michael Hawes),Skylark Vocal Ensemble,La Vie En Rose,,Classical,13,2023,250,250733,592,44100,18608367,Apple Lossless audio file,0,0,/Users/seant/Music/Music/Media.localized/Music/Skylark Vocal Ensemble/La Vie En Rose/13 Je T'aime (Featuring Joy Schreier & Michael Hawes).m4a,False,2025-09-27T12:57:11,17.75,True,m4a,Skylark Vocal Ensemble_La Vie En Rose_Je T'aime (Featuring Joy Schreier & Michael Hawes)_13,True,True
73,Romance Du Soir,Skylark Vocal Ensemble,La Vie En Rose,,Classical,14,2023,172,172640,657,44100,14205617,Apple Lossless audio file,0,0,/Users/seant/Music/Music/Media.localized/Music/Skylark Vocal Ensemble/La Vie En Rose/14 Romance Du Soir.m4a,False,2025-09-27T12:57:25,13.55,True,m4a,Skylark Vocal Ensemble_La Vie En Rose_Romance Du Soir_14,True,True
74,I Dreamed A Dream (Featuring Joy Schreier & Sophie Amelkin),Skylark Vocal Ensemble,La Vie En Rose,,Classical,15,2023,274,274306,580,44100,19927040,Apple Lossless audio file,0,0,/Users/seant/Music/Music/Media.localized/Music/Skylark Vocal Ensemble/La Vie En Rose/15 I Dreamed A Dream (Featuring Joy Schreier & Sophie Amelkin).m4a,False,2025-09-27T12:57:35,19.0,True,m4a,Skylark Vocal Ensemble_La Vie En Rose_I Dreamed A Dream (Featuring Joy Schreier & Sophie Amelkin)_15,True,True
75,"Fini, La Comedie (Arr. Robert Delgado)",Skylark Vocal Ensemble,La Vie En Rose,,Classical,16,2023,250,250720,658,44100,20676479,Apple Lossless audio file,0,0,"/Users/seant/Music/Music/Media.localized/Music/Skylark Vocal Ensemble/La Vie En Rose/16 Fini, La Comedie (Arr. Robert Delgado).m4a",False,2025-09-27T12:57:50,19.72,True,m4a,"Skylark Vocal Ensemble_La Vie En Rose_Fini, La Comedie (Arr. Robert Delgado)_16",True,True
76,What Are You Doing The Rest Of Your Life? (Featuring Joy Schreier & Dana Whiteside),Skylark Vocal Ensemble,La Vie En Rose,,Classical,17,2023,185,185093,534,44100,12380970,Apple Lossless audio file,0,0,/Users/seant/Music/Music/Media.localized/Music/Skylark Vocal Ensemble/La Vie En Rose/17 What Are You Doing The Rest Of Your Life_ (Featuring Joy Schreier & Dana Whiteside).m4a,False,2025-09-27T12:58:03,11.81,True,m4a,Skylark Vocal Ensemble_La Vie En Rose_What Are You Doing The Rest Of Your Life? (Featuring Joy Schreier & Dana Whiteside)_17,True,True
77,D'un Jardin Clair,Skylark Vocal Ensemble,La Vie En Rose,,Classical,18,2023,142,142253,430,44100,7672600,Apple Lossless audio file,0,0,/Users/seant/Music/Music/Media.localized/Music/Skylark Vocal Ensemble/La Vie En Rose/18 D'un Jardin Clair.m4a,False,2025-09-27T12:58:12,7.32,True,m4a,Skylark Vocal Ensemble_La Vie En Rose_D'un Jardin Clair_18,True,True
78,"Comme D'habitude (Arr. Saunder Choi) [Feat. Joy Schreier, Enrico Lagasca, Alissa Ruth Suver & Michael Hawes]",Skylark Vocal Ensemble,La Vie En Rose,,Classical,19,2023,396,396333,623,44100,30922614,Apple Lossless audio file,0,0,"/Users/seant/Music/Music/Media.localized/Music/Skylark Vocal Ensemble/La Vie En Rose/19 Comme D'habitude (Arr. Saunder Choi) [Feat. Joy Schreier, Enrico Lagasca, Alissa Ruth Suver & Michael Hawes].m4a",False,2025-09-27T12:58:19,29.49,True,m4a,"Skylark Vocal Ensemble_La Vie En Rose_Comme D'habitude (Arr. Saunder Choi) [Feat. Joy Schreier, Enrico Lagasca, Alissa Ruth Suver & Michael Hawes]_19",True,True
79,"Cole Porter In Paris (Arr. Peter Mansfield) [Feat. Erik Gustafson, Sophie Amelkin & Jonas Budris]",Skylark Vocal Ensemble,La Vie En Rose,,Classical,20,2023,332,332946,703,44100,29308396,Apple Lossless audio file,0,0,"/Users/seant/Music/Music/Media.localized/Music/Skylark Vocal Ensemble/La Vie En Rose/20 Cole Porter In Paris (Arr. Peter Mansfield) [Feat. Erik Gustafson, Sophie Amelkin & Jonas Budris].m4a",False,2025-09-27T12:58:38,27.95,True,m4a,"Skylark Vocal Ensemble_La Vie En Rose_Cole Porter In Paris (Arr. Peter Mansfield) [Feat. Erik Gustafson, Sophie Amelkin & Jonas Budris]_20",True,True
26,"All-Night Vigil, Op. 37, I. Priidite, Poklonimsya",Skylark Vocal Ensemble,Rachmaninoff Live,,Classical,1,2019,157,157640,666,44100,13155551,Apple Lossless audio file,0,0,"/Users/seant/Music/Music/Media.localized/Music/Skylark Vocal Ensemble/Rachmaninoff Live/01 All-Night Vigil, Op. 37, I. Priidite, Poklonimsya.m4a",False,2025-09-26T21:05:56,12.55,True,m4a,"Skylark Vocal Ensemble_Rachmaninoff Live_All-Night Vigil, Op. 37, I. Priidite, Poklonimsya_1",True,True
27,"All-Night Vigil, Op. 37, II. Blagoslovi, Dushe Moya, Gospoda",Skylark Vocal Ensemble,Rachmaninoff Live,,Classical,2,2019,265,265773,595,44100,19822598,Apple Lossless audio file,0,0,"/Users/seant/Music/Music/Media.localized/Music/Skylark Vocal Ensemble/Rachmaninoff Live/02 All-Night Vigil, Op. 37, II. Blagoslovi, Dushe Moya, Gospoda.m4a",False,2025-09-26T21:06:11,18.9,True,m4a,"Skylark Vocal Ensemble_Rachmaninoff Live_All-Night Vigil, Op. 37, II. Blagoslovi, Dushe Moya, Gospoda_2",True,True
28,"All-Night Vigil, Op. 37, Iii. Blazhen Muzh",Skylark Vocal Ensemble,Rachmaninoff Live,,Classical,3,2019,307,307480,567,44100,21851920,Apple Lossless audio file,0,0,"/Users/seant/Music/Music/Media.localized/Music/Skylark Vocal Ensemble/Rachmaninoff Live/03 All-Night Vigil, Op. 37, Iii. Blazhen Muzh.m4a",False,2025-09-26T21:06:33,20.84,True,m4a,"Skylark Vocal Ensemble_Rachmaninoff Live_All-Night Vigil, Op. 37, Iii. Blazhen Muzh_3",True,True
29,"All-Night Vigil, Op. 37, Iv. Svete Tihiy",Skylark Vocal Ensemble,Rachmaninoff Live,,Classical,4,2019,177,177720,596,44100,13270637,Apple Lossless audio file,0,0,"/Users/seant/Music/Music/Media.localized/Music/Skylark Vocal Ensemble/Rachmaninoff Live/04 All-Night Vigil, Op. 37, Iv. Svete Tihiy.m4a",False,2025-09-26T21:06:57,12.66,True,m4a,"Skylark Vocal Ensemble_Rachmaninoff Live_All-Night Vigil, Op. 37, Iv. Svete Tihiy_4",True,True
30,"All-Night Vigil, Op. 37, V. Nïne Otpushchayeshi",Skylark Vocal Ensemble,Rachmaninoff Live,,Classical,5,2019,195,195280,604,44100,14764466,Apple Lossless audio file,0,0,"/Users/seant/Music/Music/Media.localized/Music/Skylark Vocal Ensemble/Rachmaninoff Live/05 All-Night Vigil, Op. 37, V. Nïne Otpushchayeshi.m4a",False,2025-09-26T21:07:10,14.08,True,m4a,"Skylark Vocal Ensemble_Rachmaninoff Live_All-Night Vigil, Op. 37, V. Nïne Otpushchayeshi_5",True,True
31,"All-Night Vigil, Op. 37, Vi. Bogoroditse Devo",Skylark Vocal Ensemble,Rachmaninoff Live,,Classical,6,2019,162,162573,563,44100,11464863,Apple Lossless audio file,0,0,"/Users/seant/Music/Music/Media.localized/Music/Skylark Vocal Ensemble/Rachmaninoff Live/06 All-Night Vigil, Op. 37, Vi. Bogoroditse Devo.m4a",False,2025-09-26T21:07:23,10.93,True,m4a,"Skylark Vocal Ensemble_Rachmaninoff Live_All-Night Vigil, Op. 37, Vi. Bogoroditse Devo_6",True,True
32,"All-Night Vigil, Op. 37, Vii. Slava V Vïshnikh Bogu",Skylark Vocal Ensemble,Rachmaninoff Live,,Classical,7,2019,140,140120,551,44100,9674211,Apple Lossless audio file,0,0,"/Users/seant/Music/Music/Media.localized/Music/Skylark Vocal Ensemble/Rachmaninoff Live/07 All-Night Vigil, Op. 37, Vii. Slava V Vïshnikh Bogu.m4a",False,2025-09-26T21:07:34,9.23,True,m4a,"Skylark Vocal Ensemble_Rachmaninoff Live_All-Night Vigil, Op. 37, Vii. Slava V Vïshnikh Bogu_7",True,True
33,"All-Night Vigil, Op. 37, VIII. Hvalite Imya Gospodne",Skylark Vocal Ensemble,Rachmaninoff Live,,Classical,8,2019,123,123120,672,44100,10367113,Apple Lossless audio file,0,0,"/Users/seant/Music/Music/Media.localized/Music/Skylark Vocal Ensemble/Rachmaninoff Live/08 All-Night Vigil, Op. 37, VIII. Hvalite Imya Gospodne.m4a",False,2025-09-26T21:07:43,9.89,True,m4a,"Skylark Vocal Ensemble_Rachmaninoff Live_All-Night Vigil, Op. 37, VIII. Hvalite Imya Gospodne_8",True,True
34,"All-Night Vigil, Op. 37, Ix. Blagosloven Yesi, Gospodi",Skylark Vocal Ensemble,Rachmaninoff Live,,Classical,9,2019,333,333626,610,44100,25498105,Apple Lossless audio file,0,0,"/Users/seant/Music/Music/Media.localized/Music/Skylark Vocal Ensemble/Rachmaninoff Live/09 All-Night Vigil, Op. 37, Ix. Blagosloven Yesi, Gospodi.m4a",False,2025-09-26T21:07:51,24.32,True,m4a,"Skylark Vocal Ensemble_Rachmaninoff Live_All-Night Vigil, Op. 37, Ix. Blagosloven Yesi, Gospodi_9",True,True
35,"All-Night Vigil, Op. 37, X. Voskreseniye Khristovo Videvshe",Skylark Vocal Ensemble,Rachmaninoff Live,,Classical,10,2019,161,161733,648,44100,13118115,Apple Lossless audio file,0,0,"/Users/seant/Music/Music/Media.localized/Music/Skylark Vocal Ensemble/Rachmaninoff Live/10 All-Night Vigil, Op. 37, X. Voskreseniye Khristovo Videvshe.m4a",False,2025-09-26T21:08:11,12.51,True,m4a,"Skylark Vocal Ensemble_Rachmaninoff Live_All-Night Vigil, Op. 37, X. Voskreseniye Khristovo Videvshe_10",True,True
36,"All-Night Vigil, Op. 37, Xi. Velichit Dusha Moya Gospoda",Skylark Vocal Ensemble,Rachmaninoff Live,,Classical,11,2019,455,455106,596,44100,33963349,Apple Lossless audio file,0,0,"/Users/seant/Music/Music/Media.localized/Music/Skylark Vocal Ensemble/Rachmaninoff Live/11 All-Night Vigil, Op. 37, Xi. Velichit Dusha Moya Gospoda.m4a",False,2025-09-26T21:08:20,32.39,True,m4a,"Skylark Vocal Ensemble_Rachmaninoff Live_All-Night Vigil, Op. 37, Xi. Velichit Dusha Moya Gospoda_11",True,True
37,"All-Night Vigil, Op. 37, Xii. Velikoye Slavosloviye",Skylark Vocal Ensemble,Rachmaninoff Live,,Classical,12,2019,410,410013,628,44100,32225369,Apple Lossless audio file,0,0,"/Users/seant/Music/Music/Media.localized/Music/Skylark Vocal Ensemble/Rachmaninoff Live/12 All-Night Vigil, Op. 37, Xii. Velikoye Slavosloviye.m4a",False,2025-09-26T21:08:45,30.73,True,m4a,"Skylark Vocal Ensemble_Rachmaninoff Live_All-Night Vigil, Op. 37, Xii. Velikoye Slavosloviye_12",True,True
38,"All-Night Vigil, Op. 37, Xiii. Dnes Spaseniye",Skylark Vocal Ensemble,Rachmaninoff Live,,Classical,13,2019,96,96093,624,44100,7520352,Apple Lossless audio file,0,0,"/Users/seant/Music/Music/Media.localized/Music/Skylark Vocal Ensemble/Rachmaninoff Live/13 All-Night Vigil, Op. 37, Xiii. Dnes Spaseniye.m4a",False,2025-09-26T21:09:06,7.17,True,m4a,"Skylark Vocal Ensemble_Rachmaninoff Live_All-Night Vigil, Op. 37, Xiii. Dnes Spaseniye_13",True,True
39,"All-Night Vigil, Op. 37, Xiv. Voskres Iz Groba",Skylark Vocal Ensemble,Rachmaninoff Live,,Classical,14,2019,183,183533,615,44100,14148459,Apple Lossless audio file,0,0,"/Users/seant/Music/Music/Media.localized/Music/Skylark Vocal Ensemble/Rachmaninoff Live/14 All-Night Vigil, Op. 37, Xiv. Voskres Iz Groba.m4a",False,2025-09-26T21:09:12,13.49,True,m4a,"Skylark Vocal Ensemble_Rachmaninoff Live_All-Night Vigil, Op. 37, Xiv. Voskres Iz Groba_14",True,True
40,"All-Night Vigil, Op. 37, Xv. Vzbrannoy Voyevode",Skylark Vocal Ensemble,Rachmaninoff Live,,Classical,15,2019,120,120360,749,44100,11288732,Apple Lossless audio file,0,0,"/Users/seant/Music/Music/Media.localized/Music/Skylark Vocal Ensemble/Rachmaninoff Live/15 All-Night Vigil, Op. 37, Xv. Vzbrannoy Voyevode.m4a",False,2025-09-26T21:09:21,10.77,True,m4a,"Skylark Vocal Ensemble_Rachmaninoff Live_All-Night Vigil, Op. 37, Xv. Vzbrannoy Voyevode_15",True,True
41,Salvatorem Expectamus,Skylark Vocal Ensemble,Winter's Night,,Classical,1,2017,133,133933,587,44100,9855766,Apple Lossless audio file,0,0,/Users/seant/Music/Music/Media.localized/Music/Skylark Vocal Ensemble/Winter's Night/01 Salvatorem Expectamus.m4a,False,2025-09-26T21:30:05,9.4,True,m4a,Skylark Vocal Ensemble_Winter's Night_Salvatorem Expectamus_1,True,True
59,Salvatorem Expectamus,Skylark Vocal Ensemble,Winter's Night,,Classical,1,2017,0,0,0,44100,12288,Apple Lossless audio file,0,0,/Users/seant/Music/Music/Media.localized/Music/Skylark Vocal Ensemble/Winter's Night/01 Salvatorem Expectamus 1.m4a,False,2025-09-26T21:50:47,0.01,True,m4a,Skylark Vocal Ensemble_Winter's Night_Salvatorem Expectamus_1,True,True
42,Corde Natus Ex Parentis Divinum Mysterium,Skylark Vocal Ensemble,Winter's Night,,Classical,2,2017,182,182466,489,44100,11174332,Apple Lossless audio file,0,0,/Users/seant/Music/Music/Media.localized/Music/Skylark Vocal Ensemble/Winter's Night/02 Corde Natus Ex Parentis Divinum Mysterium.m4a,False,2025-09-26T21:30:19,10.66,True,m4a,Skylark Vocal Ensemble_Winter's Night_Corde Natus Ex Parentis Divinum Mysterium_2,True,True
43,Es Ist Ein Ros Entsprungen Var 1 From Die Weihnachtsgeschichte Op 10,Skylark Vocal Ensemble,Winter's Night,,Classical,3,2017,81,81533,490,44100,5010251,Apple Lossless audio file,0,0,/Users/seant/Music/Music/Media.localized/Music/Skylark Vocal Ensemble/Winter's Night/03 Es Ist Ein Ros Entsprungen Var 1 From Die Weihnachtsgeschichte Op 10.m4a,False,2025-09-26T21:30:36,4.78,True,m4a,Skylark Vocal Ensemble_Winter's Night_Es Ist Ein Ros Entsprungen Var 1 From Die Weihnachtsgeschichte Op 10_3,True,True
44,A Spotless Rose Featuring Dana Whiteside,Skylark Vocal Ensemble,Winter's Night,,Classical,4,2017,184,184026,523,44100,12072655,Apple Lossless audio file,0,0,/Users/seant/Music/Music/Media.localized/Music/Skylark Vocal Ensemble/Winter's Night/04 A Spotless Rose Featuring Dana Whiteside.m4a,False,2025-09-26T21:30:43,11.51,True,m4a,Skylark Vocal Ensemble_Winter's Night_A Spotless Rose Featuring Dana Whiteside_4,True,True
45,Es Ist Ein Ros Entsprungen Var 2 From Die Weihnachtsgeschichte Op 10,Skylark Vocal Ensemble,Winter's Night,,Classical,5,2017,92,92800,492,44100,5725179,Apple Lossless audio file,0,0,/Users/seant/Music/Music/Media.localized/Music/Skylark Vocal Ensemble/Winter's Night/05 Es Ist Ein Ros Entsprungen Var 2 From Die Weihnachtsgeschichte Op 10.m4a,False,2025-09-26T21:30:59,5.46,True,m4a,Skylark Vocal Ensemble_Winter's Night_Es Ist Ein Ros Entsprungen Var 2 From Die Weihnachtsgeschichte Op 10_5,True,True
46,Salve Regina,Skylark Vocal Ensemble,Winter's Night,,Classical,6,2017,337,337080,554,44100,23377686,Apple Lossless audio file,0,0,/Users/seant/Music/Music/Media.localized/Music/Skylark Vocal Ensemble/Winter's Night/06 Salve Regina.m4a,False,2025-09-26T21:31:07,22.29,True,m4a,Skylark Vocal Ensemble_Winter's Night_Salve Regina_6,True,True
47,Hymne La Vierge Featuring Sarah Moyer,Skylark Vocal Ensemble,Winter's Night,,Classical,7,2017,229,229666,511,44100,14691662,Apple Lossless audio file,0,0,/Users/seant/Music/Music/Media.localized/Music/Skylark Vocal Ensemble/Winter's Night/07 Hymne La Vierge Featuring Sarah Moyer.m4a,False,2025-09-26T21:31:32,14.01,True,m4a,Skylark Vocal Ensemble_Winter's Night_Hymne La Vierge Featuring Sarah Moyer_7,True,True
48,Es Ist Ein Ros Entsprungen Var 3 From Die Weihnachtsgeschichte Op 10 Featuring Clare Mcnamara,Skylark Vocal Ensemble,Winter's Night,,Classical,8,2017,118,118080,532,44100,7878020,Apple Lossless audio file,0,0,/Users/seant/Music/Music/Media.localized/Music/Skylark Vocal Ensemble/Winter's Night/08 Es Ist Ein Ros Entsprungen Var 3 From Die Weihnachtsgeschichte Op 10 Featuring Clare Mcnamara.m4a,False,2025-09-26T21:31:48,7.51,True,m4a,Skylark Vocal Ensemble_Winter's Night_Es Ist Ein Ros Entsprungen Var 3 From Die Weihnachtsgeschichte Op 10 Featuring Clare Mcnamara_8,True,True
49,Today The Virgin,Skylark Vocal Ensemble,Winter's Night,,Classical,9,2017,147,147546,604,44100,11165455,Apple Lossless audio file,0,0,/Users/seant/Music/Music/Media.localized/Music/Skylark Vocal Ensemble/Winter's Night/09 Today The Virgin.m4a,False,2025-09-26T21:31:56,10.65,True,m4a,Skylark Vocal Ensemble_Winter's Night_Today The Virgin_9,True,True
50,Es Ist Ein Ros Entsprungen Var 4 From Die Weihnachtsgeschichte Op 10,Skylark Vocal Ensemble,Winter's Night,,Classical,10,2017,90,90586,496,44100,5635998,Apple Lossless audio file,0,0,/Users/seant/Music/Music/Media.localized/Music/Skylark Vocal Ensemble/Winter's Night/10 Es Ist Ein Ros Entsprungen Var 4 From Die Weihnachtsgeschichte Op 10.m4a,False,2025-09-26T21:32:06,5.37,True,m4a,Skylark Vocal Ensemble_Winter's Night_Es Ist Ein Ros Entsprungen Var 4 From Die Weihnachtsgeschichte Op 10_10,True,True
51,Nesciens Mater,Skylark Vocal Ensemble,Winter's Night,,Classical,11,2017,273,273693,595,44100,20407972,Apple Lossless audio file,0,0,/Users/seant/Music/Music/Media.localized/Music/Skylark Vocal Ensemble/Winter's Night/11 Nesciens Mater.m4a,False,2025-09-26T21:32:11,19.46,True,m4a,Skylark Vocal Ensemble_Winter's Night_Nesciens Mater_11,True,True
52,Away In A Manger,Skylark Vocal Ensemble,Winter's Night,,Classical,12,2017,143,143066,499,44100,8951434,Apple Lossless audio file,0,0,/Users/seant/Music/Music/Media.localized/Music/Skylark Vocal Ensemble/Winter's Night/12 Away In A Manger.m4a,False,2025-09-26T21:32:28,8.54,True,m4a,Skylark Vocal Ensemble_Winter's Night_Away In A Manger_12,True,True
53,Es Ist Ein Ros Entsprungen Var 5 From Die Weihnachtsgeschichte Op 10,Skylark Vocal Ensemble,Winter's Night,,Classical,13,2017,52,52800,545,44100,3608901,Apple Lossless audio file,0,0,/Users/seant/Music/Music/Media.localized/Music/Skylark Vocal Ensemble/Winter's Night/13 Es Ist Ein Ros Entsprungen Var 5 From Die Weihnachtsgeschichte Op 10.m4a,False,2025-09-26T21:32:37,3.44,True,m4a,Skylark Vocal Ensemble_Winter's Night_Es Ist Ein Ros Entsprungen Var 5 From Die Weihnachtsgeschichte Op 10_13,True,True
54,Marie Berant Lenfant Jsus Featuring Sarah Moyer,Skylark Vocal Ensemble,Winter's Night,,Classical,14,2017,211,211200,463,44100,12262991,Apple Lossless audio file,0,0,/Users/seant/Music/Music/Media.localized/Music/Skylark Vocal Ensemble/Winter's Night/14 Marie Berant Lenfant Jsus Featuring Sarah Moyer.m4a,False,2025-09-26T21:32:41,11.69,True,m4a,Skylark Vocal Ensemble_Winter's Night_Marie Berant Lenfant Jsus Featuring Sarah Moyer_14,True,True
55,Es Ist Ein Ros Entsprungen Var 6 From Die Weihnachtsgeschichte Op 10,Skylark Vocal Ensemble,Winter's Night,,Classical,15,2017,118,118800,575,44100,8559341,Apple Lossless audio file,0,0,/Users/seant/Music/Music/Media.localized/Music/Skylark Vocal Ensemble/Winter's Night/15 Es Ist Ein Ros Entsprungen Var 6 From Die Weihnachtsgeschichte Op 10.m4a,False,2025-09-26T21:32:53,8.16,True,m4a,Skylark Vocal Ensemble_Winter's Night_Es Ist Ein Ros Entsprungen Var 6 From Die Weihnachtsgeschichte Op 10_15,True,True
56,Bethlehem Down,Skylark Vocal Ensemble,Winter's Night,,Classical,16,2017,279,279360,455,44100,15940906,Apple Lossless audio file,0,0,/Users/seant/Music/Music/Media.localized/Music/Skylark Vocal Ensemble/Winter's Night/16 Bethlehem Down.m4a,False,2025-09-26T21:32:59,15.2,True,m4a,Skylark Vocal Ensemble_Winter's Night_Bethlehem Down_16,True,True
57,Es Ist Ein Ros Entsprungen Var 7 From Die Weihnachtsgeschichte Op 10,Skylark Vocal Ensemble,Winter's Night,,Classical,17,2017,82,82773,473,44100,4914492,Apple Lossless audio file,0,0,/Users/seant/Music/Music/Media.localized/Music/Skylark Vocal Ensemble/Winter's Night/17 Es Ist Ein Ros Entsprungen Var 7 From Die Weihnachtsgeschichte Op 10.m4a,False,2025-09-26T21:33:14,4.69,True,m4a,Skylark Vocal Ensemble_Winter's Night_Es Ist Ein Ros Entsprungen Var 7 From Die Weihnachtsgeschichte Op 10_17,True,True
58,Jesus Christ The Apple Tree Featuring Jessica Petrus,Skylark Vocal Ensemble,Winter's Night,,Classical,18,2017,199,199066,510,44100,12712775,Apple Lossless audio file,0,0,/Users/seant/Music/Music/Media.localized/Music/Skylark Vocal Ensemble/Winter's Night/18 Jesus Christ The Apple Tree Featuring Jessica Petrus.m4a,False,2025-09-26T21:33:19,12.12,True,m4a,Skylark Vocal Ensemble_Winter's Night_Jesus Christ The Apple Tree Featuring Jessica Petrus_18,True,True
0,1 Audio Track,,,,,0,0,228,228253,1411,44100,40266240,AIFF audio file,1,0,/Users/seant/Music/Music/Media.localized/Music/Unknown Artist/Unknown Album/1 Audio Track.aiff,False,2025-09-26T14:39:54,38.4,True,aiff,Unknown_Unknown_1 Audio Track_0,True,True
